{"cameraMode":{"drawMode":0,"name":"Shaded","section":"Shading Mode"},"sceneLighting":false,"audioPlay":false,"sceneViewState":{"showFog":true,"showMaterialUpdate":false,"showSkybox":false,"showFlares":true,"showImageEffects":true,"showParticleSystems":true},"in2DMode":false,"pivot":{"x":2.5975050926208498,"y":1.3211289644241334,"z":0.24546003341674806},"rotation":{"x":-0.1971203088760376,"y":0.6881541609764099,"z":-0.20292560756206513,"w":-0.6681895852088928},"size":0.6807264685630798,"orthographic":false}