{"cameraMode":{"drawMode":0,"name":"Shaded","section":"Shading Mode"},"sceneLighting":true,"audioPlay":false,"sceneViewState":{"showFog":true,"showMaterialUpdate":false,"showSkybox":true,"showFlares":true,"showImageEffects":true,"showParticleSystems":true},"in2DMode":false,"pivot":{"x":2.848254680633545,"y":3.0589404106140138,"z":-4.729351043701172},"rotation":{"x":-0.38668709993362429,"y":0.16388654708862306,"z":-0.06989939510822296,"w":-0.9049131274223328},"size":0.8660253882408142,"orthographic":false}